{
  "mean_accuracy": 0.9925000071525574,
  "std_accuracy": 0.0003266041609410029,
  "mean_loss": 0.025601002077261608,
  "std_loss": 0.0011521816456482082,
  "individual_results": [
    {
      "seed": 42,
      "test_accuracy": 0.9921000003814697,
      "test_loss": 0.02721206657588482,
      "per_class_accuracy": [
        0.996938775510204,
        0.9947136563876652,
        0.9922480620155039,
        0.995049504950495,
        0.9928716904276986,
        0.9932735426008968,
        0.9895615866388309,
        0.9912451361867705,
        0.9948665297741273,
        0.9801783944499505
      ],
      "training_time_seconds": 150.055725,
      "confusion_matrix": [
        [
          977,
          0,
          0,
          1,
          0,
          0,
          1,
          0,
          1,
          0
        ],
        [
          0,
          1129,
          1,
          1,
          0,
          0,
          4,
          0,
          0,
          0
        ],
        [
          0,
          1,
          1024,
          1,
          0,
          0,
          0,
          4,
          2,
          0
        ],
        [
          0,
          0,
          0,
          1005,
          0,
          4,
          0,
          0,
          1,
          0
        ],
        [
          0,
          0,
          0,
          0,
          975,
          0,
          2,
          0,
          2,
          3
        ],
        [
          1,
          0,
          0,
          4,
          0,
          886,
          1,
          0,
          0,
          0
        ],
        [
          3,
          2,
          0,
          0,
          1,
          3,
          948,
          0,
          1,
          0
        ],
        [
          0,
          1,
          7,
          0,
          0,
          0,
          0,
          1019,
          1,
          0
        ],
        [
          1,
          0,
          1,
          1,
          0,
          1,
          0,
          0,
          969,
          1
        ],
        [
          1,
          1,
          0,
          0,
          5,
          7,
          0,
          2,
          4,
          989
        ]
      ],
      "model_params": 421642,
      "epochs": 10,
      "training_log": [
        {
          "epoch": 1,
          "train_loss": 0.29023459553718567,
          "train_accuracy": 0.9096333384513855,
          "val_loss": 0.05880231410264969,
          "val_accuracy": 0.9800000190734863
        },
        {
          "epoch": 2,
          "train_loss": 0.09296676516532898,
          "train_accuracy": 0.9723166823387146,
          "val_loss": 0.04389343410730362,
          "val_accuracy": 0.9847999811172485
        },
        {
          "epoch": 3,
          "train_loss": 0.06795560568571091,
          "train_accuracy": 0.9804333448410034,
          "val_loss": 0.03382772207260132,
          "val_accuracy": 0.9879000186920166
        },
        {
          "epoch": 4,
          "train_loss": 0.054209910333156586,
          "train_accuracy": 0.9836333394050598,
          "val_loss": 0.03480041027069092,
          "val_accuracy": 0.9879000186920166
        },
        {
          "epoch": 5,
          "train_loss": 0.0475345104932785,
          "train_accuracy": 0.9854999780654907,
          "val_loss": 0.027031268924474716,
          "val_accuracy": 0.9901999831199646
        },
        {
          "epoch": 6,
          "train_loss": 0.0404348224401474,
          "train_accuracy": 0.9876499772071838,
          "val_loss": 0.02608703263103962,
          "val_accuracy": 0.991599977016449
        },
        {
          "epoch": 7,
          "train_loss": 0.03544270247220993,
          "train_accuracy": 0.9889000058174133,
          "val_loss": 0.025563934817910194,
          "val_accuracy": 0.9918000102043152
        },
        {
          "epoch": 8,
          "train_loss": 0.03272361680865288,
          "train_accuracy": 0.9894333481788635,
          "val_loss": 0.02700028009712696,
          "val_accuracy": 0.9918000102043152
        },
        {
          "epoch": 9,
          "train_loss": 0.02917049080133438,
          "train_accuracy": 0.9906666874885559,
          "val_loss": 0.027524570003151894,
          "val_accuracy": 0.9918000102043152
        },
        {
          "epoch": 10,
          "train_loss": 0.025829562917351723,
          "train_accuracy": 0.9920499920845032,
          "val_loss": 0.027212072163820267,
          "val_accuracy": 0.9921000003814697
        }
      ]
    },
    {
      "seed": 123,
      "test_accuracy": 0.992900013923645,
      "test_loss": 0.025006745010614395,
      "per_class_accuracy": [
        0.9979591836734694,
        0.9973568281938326,
        0.9922480620155039,
        0.9920792079207921,
        0.9959266802443992,
        0.9899103139013453,
        0.9926931106471816,
        0.9912451361867705,
        0.9897330595482546,
        0.9890981169474727
      ],
      "training_time_seconds": 160.444717,
      "confusion_matrix": [
        [
          978,
          0,
          0,
          0,
          0,
          0,
          0,
          1,
          1,
          0
        ],
        [
          0,
          1132,
          2,
          0,
          0,
          0,
          0,
          1,
          0,
          0
        ],
        [
          1,
          0,
          1024,
          1,
          0,
          0,
          0,
          5,
          1,
          0
        ],
        [
          0,
          0,
          2,
          1002,
          0,
          4,
          0,
          0,
          2,
          0
        ],
        [
          0,
          0,
          0,
          0,
          978,
          0,
          0,
          0,
          0,
          4
        ],
        [
          2,
          0,
          0,
          4,
          0,
          883,
          1,
          0,
          1,
          1
        ],
        [
          2,
          2,
          0,
          0,
          1,
          2,
          951,
          0,
          0,
          0
        ],
        [
          0,
          2,
          4,
          0,
          0,
          0,
          0,
          1019,
          1,
          2
        ],
        [
          2,
          0,
          1,
          0,
          1,
          1,
          0,
          2,
          964,
          3
        ],
        [
          1,
          0,
          0,
          0,
          3,
          4,
          0,
          2,
          1,
          998
        ]
      ],
      "model_params": 421642,
      "epochs": 10,
      "training_log": [
        {
          "epoch": 1,
          "train_loss": 0.28007790446281433,
          "train_accuracy": 0.9145166873931885,
          "val_loss": 0.05714191868901253,
          "val_accuracy": 0.9801999926567078
        },
        {
          "epoch": 2,
          "train_loss": 0.09064363688230515,
          "train_accuracy": 0.9732000231742859,
          "val_loss": 0.038483839482069016,
          "val_accuracy": 0.9868999719619751
        },
        {
          "epoch": 3,
          "train_loss": 0.06663333624601364,
          "train_accuracy": 0.98048335313797,
          "val_loss": 0.03719945251941681,
          "val_accuracy": 0.9873999953269958
        },
        {
          "epoch": 4,
          "train_loss": 0.054334573447704315,
          "train_accuracy": 0.9838166832923889,
          "val_loss": 0.028880484402179718,
          "val_accuracy": 0.9902999997138977
        },
        {
          "epoch": 5,
          "train_loss": 0.04546007141470909,
          "train_accuracy": 0.9864833354949951,
          "val_loss": 0.029468310996890068,
          "val_accuracy": 0.9904999732971191
        },
        {
          "epoch": 6,
          "train_loss": 0.040439434349536896,
          "train_accuracy": 0.9880499839782715,
          "val_loss": 0.025459319353103638,